team_name,date,buildUpPlaySpeed,buildUpPlayPassing,chanceCreationShooting,defencePressure,defenceAggression
KRC Genk,2010-02-22,45,45,60,70,65
KRC Genk,2011-02-22,66,52,51,48,47
KRC Genk,2012-02-22,53,55,56,47,45
KRC Genk,2013-09-20,58,38,56,47,45
KRC Genk,2014-09-19,58,38,56,47,45
KRC Genk,2015-09-10,58,38,56,36,57
Beerschot AC,2010-02-22,35,35,50,70,70
Beerschot AC,2011-02-22,47,37,67,33,34
Beerschot AC,2012-02-22,55,55,49,45,46
Beerschot AC,2013-09-20,47,39,49,45,46
SV Zulte-Waregem,2010-02-22,65,60,50,70,60
SV Zulte-Waregem,2011-02-22,52,52,53,46,48
SV Zulte-Waregem,2012-02-22,54,51,50,44,55
SV Zulte-Waregem,2013-09-20,54,51,32,44,58
SV Zulte-Waregem,2014-09-19,54,51,32,44,58
SV Zulte-Waregem,2015-09-10,54,51,32,44,58
Sporting Lokeren,2010-02-22,60,60,50,65,65
Sporting Lokeren,2011-02-22,66,53,52,48,58
Sporting Lokeren,2012-02-22,67,52,50,45,52
Sporting Lokeren,2013-09-20,67,52,50,45,52
Sporting Lokeren,2014-09-19,62,52,62,45,52
Sporting Lokeren,2015-09-10,62,52,62,45,52
KSV Cercle Brugge,2010-02-22,45,35,55,65,60
KSV Cercle Brugge,2011-02-22,50,50,65,60,50
KSV Cercle Brugge,2012-02-22,68,54,42,59,47
KSV Cercle Brugge,2013-09-20,53,40,42,59,47
KSV Cercle Brugge,2014-09-19,53,43,42,59,47
KSV Cercle Brugge,2015-09-10,53,43,42,59,47
RSC Anderlecht,2010-02-22,50,35,60,70,50
RSC Anderlecht,2011-02-22,50,52,60,70,50
RSC Anderlecht,2012-02-22,52,41,47,45,43
RSC Anderlecht,2013-09-20,52,41,47,60,43
RSC Anderlecht,2014-09-19,52,51,47,60,50
RSC Anderlecht,2015-09-10,52,51,47,53,50
KAA Gent,2010-02-22,70,65,60,45,50
KAA Gent,2011-02-22,55,55,56,61,39
KAA Gent,2012-02-22,50,47,47,48,45
KAA Gent,2013-09-20,50,37,34,50,53
KAA Gent,2014-09-19,50,37,34,55,59
KAA Gent,2015-09-10,50,37,34,49,54
RAEC Mons,2012-02-22,50,50,46,46,45
RAEC Mons,2013-09-20,50,50,46,46,45
RAEC Mons,2014-09-19,55,55,46,46,45
Standard de Liège,2010-02-22,53,40,65,70,70
Standard de Liège,2011-02-22,68,66,63,59,47
Standard de Liège,2012-02-22,75,70,60,45,60
Standard de Liège,2013-09-20,54,62,60,45,60
Standard de Liège,2014-09-19,54,62,60,45,54
Standard de Liège,2015-09-10,54,62,60,45,54
KV Mechelen,2010-02-22,65,60,50,60,70
KV Mechelen,2011-02-22,67,57,52,48,61
KV Mechelen,2012-02-22,52,54,50,52,60
KV Mechelen,2013-09-20,52,33,50,42,60
KV Mechelen,2014-09-19,52,40,50,42,51
KV Mechelen,2015-09-10,52,40,50,42,51
Club Brugge KV,2010-02-22,35,40,45,60,70
Club Brugge KV,2011-02-22,67,47,53,57,44
Club Brugge KV,2012-02-22,64,54,47,60,50
Club Brugge KV,2013-09-20,45,48,47,43,59
Club Brugge KV,2014-09-19,42,45,47,51,50
Club Brugge KV,2015-09-10,42,45,47,51,50
KSV Roeselare,2010-02-22,65,60,40,65,70
KV Kortrijk,2010-02-22,50,60,50,60,60
KV Kortrijk,2011-02-22,38,65,52,34,57
KV Kortrijk,2012-02-22,31,47,50,46,45
KV Kortrijk,2013-09-20,42,40,30,46,45
KV Kortrijk,2014-09-19,42,47,30,46,45
KV Kortrijk,2015-09-10,42,47,30,46,45
Royal Excel Mouscron,2015-09-10,50,50,50,45,45
Royal Excel Mouscron,2015-09-10,50,50,50,45,45
KVC Westerlo,2010-02-22,45,60,55,70,70
KVC Westerlo,2011-02-22,34,52,53,48,59
KVC Westerlo,2012-02-22,52,50,32,48,45
KVC Westerlo,2015-09-10,52,50,32,48,45
Sporting Charleroi,2010-02-22,40,50,60,70,70
Sporting Charleroi,2011-02-22,47,36,53,49,58
Sporting Charleroi,2013-09-20,60,53,48,42,48
Sporting Charleroi,2014-09-19,60,53,48,42,48
Sporting Charleroi,2015-09-10,60,53,48,39,48
Sint-Truidense VV,2010-02-22,50,50,50,50,50
Sint-Truidense VV,2011-02-22,53,53,53,46,46
Sint-Truidense VV,2012-02-22,52,55,47,32,40
Lierse SK,2011-02-22,48,65,50,46,48
Lierse SK,2012-02-22,69,58,61,45,49
Lierse SK,2013-09-20,69,58,61,38,49
Lierse SK,2014-09-19,69,58,61,38,49
Lierse SK,2015-09-10,69,58,61,38,49
KAS Eupen,2011-02-22,50,55,55,50,50
Oud-Heverlee Leuven,2012-02-22,52,50,54,43,44
Oud-Heverlee Leuven,2013-09-20,52,50,54,43,44
Oud-Heverlee Leuven,2014-09-19,52,50,54,43,44
Waasland-Beveren,2013-09-20,62,53,54,30,49
Waasland-Beveren,2014-09-19,38,39,39,25,37
Waasland-Beveren,2015-09-10,38,49,53,27,32
KV Oostende,2014-09-19,52,54,53,42,47
KV Oostende,2015-09-10,52,54,53,42,47
Royal Excel Mouscron,2015-09-10,50,50,50,45,45
Manchester United,2010-02-22,70,45,65,40,50
Manchester United,2011-02-22,65,40,70,45,45
Manchester United,2012-02-22,46,54,55,40,50
Manchester United,2013-09-20,46,38,37,49,49
Manchester United,2014-09-19,46,54,56,42,41
Manchester United,2015-09-10,38,44,40,54,53
Newcastle United,2010-02-22,70,60,60,45,65
Newcastle United,2011-02-22,55,50,60,45,45
Newcastle United,2012-02-22,54,54,48,52,48
Newcastle United,2013-09-20,58,72,46,41,39
Newcastle United,2014-09-19,54,47,39,56,54
Newcastle United,2015-09-10,58,49,46,41,39
Arsenal,2010-02-22,66,30,35,30,40
Arsenal,2011-02-22,75,40,65,50,40
Arsenal,2012-02-22,25,32,30,57,57
Arsenal,2013-09-20,30,29,39,64,54
Arsenal,2014-09-19,59,26,64,51,44
Arsenal,2015-09-10,59,30,46,51,44
West Bromwich Albion,2010-02-22,65,40,55,70,70
West Bromwich Albion,2011-02-22,60,65,45,35,55
West Bromwich Albion,2012-02-22,48,48,54,38,38
West Bromwich Albion,2013-09-20,55,54,57,33,31
West Bromwich Albion,2014-09-19,55,51,57,41,40
West Bromwich Albion,2015-09-10,62,51,60,41,40
Sunderland,2010-02-22,60,70,55,35,70
Sunderland,2011-02-22,55,55,55,45,55
Sunderland,2012-02-22,67,62,59,47,53
Sunderland,2013-09-20,57,66,72,47,52
Sunderland,2014-09-19,60,61,58,41,38
Sunderland,2015-09-10,43,51,55,47,45
Liverpool,2010-02-22,50,35,70,40,60
Liverpool,2011-02-22,60,50,60,55,55
Liverpool,2012-02-22,60,60,53,50,48
Liverpool,2013-09-20,39,44,54,59,52
Liverpool,2014-09-19,71,32,61,51,48
Liverpool,2015-09-10,66,45,46,51,52
West Ham United,2010-02-22,58,30,50,30,70
West Ham United,2011-02-22,35,35,45,45,45
West Ham United,2012-02-22,63,64,55,30,34
West Ham United,2013-09-20,72,73,32,30,37
West Ham United,2014-09-19,72,73,32,30,34
West Ham United,2015-09-10,77,57,29,30,37
Wigan Athletic,2010-02-22,70,70,50,35,70
Wigan Athletic,2011-02-22,35,50,50,45,55
Wigan Athletic,2012-02-22,38,38,42,40,42
Wigan Athletic,2013-09-20,38,39,34,56,52
Wigan Athletic,2014-09-19,51,51,57,62,57
Wigan Athletic,2015-09-10,51,56,40,62,48
Aston Villa,2010-02-22,70,59,50,30,70
Aston Villa,2011-02-22,65,50,50,35,45
Aston Villa,2012-02-22,67,58,56,43,50
Aston Villa,2013-09-20,63,59,34,39,41
Aston Villa,2014-09-19,66,72,56,39,42
Aston Villa,2015-09-10,63,54,38,35,44
Manchester City,2010-02-22,70,60,70,45,55
Manchester City,2011-02-22,70,60,75,65,65
Manchester City,2012-02-22,45,55,48,50,60
Manchester City,2013-09-20,36,34,38,42,44
Manchester City,2014-09-19,59,29,62,42,44
Manchester City,2015-09-10,59,29,24,48,47
Everton,2010-02-22,60,65,45,40,70
Everton,2011-02-22,60,50,55,55,65
Everton,2012-02-22,56,56,56,50,50
Everton,2013-09-20,58,62,32,41,44
Everton,2014-09-19,61,42,48,52,58
Everton,2015-09-10,43,40,63,52,58
Blackburn Rovers,2010-02-22,55,70,55,45,70
Blackburn Rovers,2011-02-22,55,65,35,45,60
Blackburn Rovers,2012-02-22,57,57,40,42,50
Blackburn Rovers,2013-09-20,44,64,40,42,50
Blackburn Rovers,2014-09-19,44,62,40,50,50
Blackburn Rovers,2015-09-10,60,65,42,50,50
Middlesbrough,2010-02-22,70,70,50,30,70
Middlesbrough,2011-02-22,66,51,48,54,44
Middlesbrough,2012-02-22,60,72,72,38,42
Middlesbrough,2013-09-20,60,40,57,38,42
Middlesbrough,2014-09-19,60,56,72,38,42
Middlesbrough,2015-09-10,60,46,37,38,42
Tottenham Hotspur,2010-02-22,70,50,50,50,50
Tottenham Hotspur,2011-02-22,60,55,70,30,40
Tottenham Hotspur,2012-02-22,44,47,61,43,44
Tottenham Hotspur,2013-09-20,42,46,68,63,61
Tottenham Hotspur,2014-09-19,41,38,62,58,51
Tottenham Hotspur,2015-09-10,47,40,63,63,54
Bolton Wanderers,2010-02-22,55,70,45,35,70
Bolton Wanderers,2011-02-22,45,70,50,40,55
Bolton Wanderers,2012-02-22,57,56,54,48,48
Bolton Wanderers,2013-09-20,57,53,54,39,48
Bolton Wanderers,2014-09-19,57,73,56,39,48
Bolton Wanderers,2015-09-10,57,61,38,39,48
Stoke City,2010-02-22,65,70,55,35,70
Stoke City,2011-02-22,50,80,35,25,65
Stoke City,2012-02-22,75,75,55,50,58
Stoke City,2013-09-20,75,73,38,32,37
Stoke City,2014-09-19,48,55,37,38,40
Stoke City,2015-09-10,48,49,49,44,37
Hull City,2010-02-22,65,60,55,70,70
Hull City,2011-02-22,49,52,37,46,46
Hull City,2012-02-22,61,48,54,38,42
Hull City,2013-09-20,63,48,54,34,37
Hull City,2014-09-19,56,51,48,38,37
Hull City,2015-09-10,56,55,56,38,37
Fulham,2010-02-22,60,70,50,40,35
Fulham,2011-02-22,50,55,40,45,35
Fulham,2012-02-22,48,45,54,38,38
Fulham,2013-09-20,52,49,59,39,39
Fulham,2014-09-19,52,56,54,29,28
Fulham,2015-09-10,52,48,59,29,30
Chelsea,2010-02-22,70,60,70,30,60
Chelsea,2011-02-22,60,50,80,35,55
Chelsea,2012-02-22,60,45,45,60,62
Chelsea,2013-09-20,46,41,63,42,43
Chelsea,2014-09-19,67,38,68,39,41
Chelsea,2015-09-10,67,36,44,39,41
Portsmouth,2010-02-22,70,70,55,40,70
Portsmouth,2011-02-22,36,48,51,36,44
Portsmouth,2012-02-22,64,59,56,49,51
Portsmouth,2013-09-20,68,62,56,49,51
Portsmouth,2014-09-19,59,57,53,39,40
Portsmouth,2015-09-10,59,57,53,39,40
Birmingham City,2010-02-22,70,70,70,70,70
Birmingham City,2011-02-22,45,60,40,30,60
Birmingham City,2012-02-22,51,55,56,42,48
Birmingham City,2013-09-20,56,57,41,42,44
Birmingham City,2014-09-19,56,79,56,42,48
Birmingham City,2015-09-10,56,75,64,42,47
Wolverhampton Wanderers,2010-02-22,70,70,70,70,70
Wolverhampton Wanderers,2011-02-22,55,55,45,45,45
Wolverhampton Wanderers,2012-02-22,67,68,56,48,60
Wolverhampton Wanderers,2013-09-20,63,61,56,42,48
Wolverhampton Wanderers,2014-09-19,47,58,56,47,48
Wolverhampton Wanderers,2015-09-10,46,54,48,47,48
Burnley,2010-02-22,70,65,70,65,70
Burnley,2011-02-22,36,52,55,24,56
Burnley,2012-02-22,48,44,48,52,50
Burnley,2013-09-20,54,55,48,48,50
Burnley,2014-09-19,48,74,58,54,57
Burnley,2015-09-10,54,67,47,63,62
Blackpool,2010-02-22,70,70,65,70,70
Blackpool,2011-02-22,70,30,65,45,50
Blackpool,2012-02-22,45,52,58,49,52
Blackpool,2013-09-20,45,52,58,49,52
Blackpool,2014-09-19,67,72,58,39,38
Blackpool,2015-09-10,62,64,64,39,38
Swansea City,2010-02-22,65,70,70,70,70
Swansea City,2011-02-22,66,34,64,44,47
Swansea City,2012-02-22,26,24,57,48,58
Swansea City,2013-09-20,41,39,44,52,58
Swansea City,2014-09-19,63,34,36,51,58
Swansea City,2015-09-10,45,42,55,31,47
Queens Park Rangers,2010-02-22,70,70,70,70,70
Queens Park Rangers,2011-02-22,51,49,52,44,43
Queens Park Rangers,2012-02-22,57,58,48,42,51
Queens Park Rangers,2013-09-20,58,54,54,49,47
Queens Park Rangers,2014-09-19,52,53,54,50,44
Queens Park Rangers,2015-09-10,30,61,60,50,44
Norwich City,2010-02-22,65,70,55,60,70
Norwich City,2011-02-22,49,52,66,34,54
Norwich City,2012-02-22,63,61,62,40,50
Norwich City,2013-09-20,70,70,48,40,43
Norwich City,2014-09-19,45,64,42,40,43
Norwich City,2015-09-10,45,55,47,38,39
Southampton,2010-02-22,70,55,65,70,70
Southampton,2011-02-22,52,37,47,43,43
Southampton,2012-02-22,47,52,60,48,52
Southampton,2013-09-20,47,38,58,57,63
Southampton,2014-09-19,47,40,51,62,64
Southampton,2015-09-10,52,46,30,50,65
Reading,2010-02-22,70,70,70,70,60
Reading,2011-02-22,49,36,55,49,31
Reading,2012-02-22,49,49,56,49,51
Reading,2013-09-20,49,61,37,39,44
Reading,2014-09-19,44,72,37,58,52
Reading,2015-09-10,44,64,42,51,47
Crystal Palace,2010-02-22,70,70,65,65,60
Crystal Palace,2011-02-22,53,54,52,48,43
Crystal Palace,2012-02-22,43,46,47,44,27
Crystal Palace,2013-09-20,52,47,47,36,33
Crystal Palace,2014-09-19,61,68,52,36,34
Crystal Palace,2015-09-10,61,67,50,36,34
Cardiff City,2010-02-22,65,70,70,70,70
Cardiff City,2011-02-22,67,49,48,46,47
Cardiff City,2012-02-22,60,64,54,47,43
Cardiff City,2013-09-20,60,69,62,47,43
Cardiff City,2014-09-19,60,54,41,33,41
Cardiff City,2015-09-10,60,67,46,33,41
Leicester City,2010-02-22,70,70,45,70,70
Leicester City,2011-02-22,36,52,52,51,34
Leicester City,2012-02-22,45,48,56,48,52
Leicester City,2013-09-20,45,48,56,48,52
Leicester City,2014-09-19,63,48,69,58,62
Leicester City,2015-09-10,63,60,46,58,65
Bournemouth,2010-02-22,70,70,60,70,70
Bournemouth,2011-02-22,51,66,47,27,46
Bournemouth,2012-02-22,46,46,52,48,50
Bournemouth,2013-09-20,39,38,52,48,50
Bournemouth,2014-09-19,47,48,41,48,50
Bournemouth,2015-09-10,47,47,47,48,50
Watford,2010-02-22,70,70,65,70,70
Watford,2011-02-22,64,53,48,44,47
Watford,2012-02-22,66,66,60,48,50
Watford,2013-09-20,67,45,53,38,52
Watford,2014-09-19,61,56,55,38,52
Watford,2015-09-10,61,52,45,38,52
AJ Auxerre,2010-02-22,30,70,35,30,55
AJ Auxerre,2011-02-22,35,65,50,35,45
AJ Auxerre,2012-02-22,64,49,50,34,45
AJ Auxerre,2013-09-20,64,49,50,34,45
AJ Auxerre,2014-09-19,64,49,50,34,45
AJ Auxerre,2015-09-10,64,49,50,34,45
FC Nantes,2010-02-22,55,35,35,30,45
FC Nantes,2011-02-22,50,50,35,45,55
FC Nantes,2012-02-22,46,51,49,47,43
FC Nantes,2013-09-20,46,51,49,47,51
FC Nantes,2014-09-19,63,48,49,47,51
FC Nantes,2015-09-10,63,56,46,39,41
Girondins de Bordeaux,2010-02-22,70,35,70,55,70
Girondins de Bordeaux,2011-02-22,50,35,65,55,45
Girondins de Bordeaux,2012-02-22,49,37,51,44,46
Girondins de Bordeaux,2013-09-20,49,37,51,44,46
Girondins de Bordeaux,2014-09-19,38,36,51,37,33
Girondins de Bordeaux,2015-09-10,51,48,44,57,52
SM Caen,2010-02-22,65,30,40,70,65
SM Caen,2011-02-22,65,35,65,55,45
SM Caen,2012-02-22,48,52,53,47,45
SM Caen,2013-09-20,48,52,53,47,45
SM Caen,2014-09-19,62,45,53,43,42
SM Caen,2015-09-10,62,45,53,43,42
Le Havre AC,2010-02-22,55,45,65,30,70
Le Havre AC,2011-02-22,50,50,65,45,45
Le Havre AC,2012-02-22,46,52,52,47,55
Le Havre AC,2013-09-20,46,52,52,47,55
Le Havre AC,2014-09-19,46,52,52,47,55
Le Havre AC,2015-09-10,46,52,52,47,55
OGC Nice,2010-02-22,70,70,65,70,70
OGC Nice,2011-02-22,50,50,65,45,45
OGC Nice,2012-02-22,48,66,34,26,47
OGC Nice,2013-09-20,48,66,34,56,47
OGC Nice,2014-09-19,48,66,34,56,47
OGC Nice,2015-09-10,48,53,38,57,47
Le Mans FC,2010-02-22,70,45,65,70,60
Le Mans FC,2011-02-22,65,50,65,60,55
Le Mans FC,2012-02-22,58,47,50,47,44
Le Mans FC,2013-09-20,58,47,50,47,44
FC Lorient,2010-02-22,45,70,40,70,60
FC Lorient,2011-02-22,35,35,50,55,35
FC Lorient,2012-02-22,60,42,64,43,47
FC Lorient,2013-09-20,60,42,64,43,47
FC Lorient,2014-09-19,60,42,64,43,47
FC Lorient,2015-09-10,57,50,46,51,56
Olympique Lyonnais,2010-02-22,60,40,70,70,60
Olympique Lyonnais,2011-02-22,65,50,80,45,45
Olympique Lyonnais,2012-02-22,49,52,67,46,47
Olympique Lyonnais,2013-09-20,49,52,67,46,47
Olympique Lyonnais,2014-09-19,49,52,67,46,47
Olympique Lyonnais,2015-09-10,49,52,67,46,47
Toulouse FC,2010-02-22,35,70,35,30,45
Toulouse FC,2011-02-22,65,50,65,35,55
Toulouse FC,2012-02-22,49,53,36,36,45
Toulouse FC,2013-09-20,49,53,36,36,45
Toulouse FC,2014-09-19,49,53,57,36,52
Toulouse FC,2015-09-10,49,53,36,36,45
AS Monaco,2010-02-22,35,55,45,70,65
AS Monaco,2011-02-22,65,50,50,35,55
AS Monaco,2012-02-22,52,48,37,35,34
AS Monaco,2013-09-20,52,48,37,35,34
AS Monaco,2014-09-19,52,48,37,35,34
AS Monaco,2015-09-10,52,43,23,56,62
Paris Saint-Germain,2010-02-22,50,65,55,70,70
Paris Saint-Germain,2011-02-22,35,35,50,45,55
Paris Saint-Germain,2012-02-22,49,41,60,49,46
Paris Saint-Germain,2013-09-20,49,41,60,49,46
Paris Saint-Germain,2014-09-19,49,55,68,57,53
Paris Saint-Germain,2015-09-10,49,34,35,57,53
AS Nancy-Lorraine,2010-02-22,65,40,30,70,70
AS Nancy-Lorraine,2011-02-22,35,35,35,35,55
AS Nancy-Lorraine,2012-02-22,49,49,67,43,46
AS Nancy-Lorraine,2013-09-20,49,49,67,43,46
AS Nancy-Lorraine,2014-09-19,49,49,67,43,46
AS Nancy-Lorraine,2015-09-10,49,49,67,43,46
LOSC Lille,2010-02-22,70,60,55,55,70
LOSC Lille,2011-02-22,65,65,50,55,55
LOSC Lille,2012-02-22,34,23,49,58,56
LOSC Lille,2013-09-20,34,42,49,47,42
LOSC Lille,2014-09-19,45,42,49,59,42
LOSC Lille,2015-09-10,45,43,64,59,42
Stade Rennais FC,2010-02-22,50,45,60,70,70
Stade Rennais FC,2011-02-22,65,35,65,55,45
Stade Rennais FC,2012-02-22,64,41,64,46,44
Stade Rennais FC,2013-09-20,64,41,64,46,44
Stade Rennais FC,2014-09-19,64,41,64,46,44
Stade Rennais FC,2015-09-10,64,41,64,46,44
Olympique de Marseille,2010-02-22,55,45,70,65,70
Olympique de Marseille,2011-02-22,65,35,80,55,55
Olympique de Marseille,2012-02-22,48,50,48,44,48
Olympique de Marseille,2013-09-20,48,50,64,44,48
Olympique de Marseille,2014-09-19,51,50,68,48,48
Olympique de Marseille,2015-09-10,51,41,31,48,48
FC Sochaux-Montbéliard,2010-02-22,66,70,50,65,30
FC Sochaux-Montbéliard,2011-02-22,50,50,35,45,55
FC Sochaux-Montbéliard,2012-02-22,63,39,49,54,43
FC Sochaux-Montbéliard,2013-09-20,63,39,49,54,43
FC Sochaux-Montbéliard,2014-09-19,63,39,49,54,43
FC Sochaux-Montbéliard,2015-09-10,63,39,49,54,43
Grenoble Foot 38,2010-02-22,70,70,70,70,55
Grenoble Foot 38,2011-02-22,50,50,50,45,45
Valenciennes FC,2010-02-22,60,70,60,30,55
Valenciennes FC,2011-02-22,65,50,50,45,45
Valenciennes FC,2012-02-22,49,50,61,43,57
Valenciennes FC,2013-09-20,49,50,61,43,57
Valenciennes FC,2014-09-19,49,52,56,47,51
Valenciennes FC,2015-09-10,49,52,56,47,51
AS Saint-Étienne,2010-02-22,65,65,60,30,30
AS Saint-Étienne,2011-02-22,65,35,65,35,45
AS Saint-Étienne,2012-02-22,49,52,52,35,44
AS Saint-Étienne,2013-09-20,49,52,52,35,44
AS Saint-Étienne,2014-09-19,58,52,52,35,44
AS Saint-Étienne,2015-09-10,58,52,52,48,51
RC Lens,2010-02-22,30,30,70,70,60
RC Lens,2011-02-22,65,50,65,45,55
RC Lens,2012-02-22,64,49,34,46,44
RC Lens,2013-09-20,64,49,37,42,44
RC Lens,2014-09-19,64,49,34,46,44
RC Lens,2015-09-10,64,50,46,46,44
Montpellier Hérault SC,2010-02-22,35,35,70,70,70
Montpellier Hérault SC,2011-02-22,50,50,50,35,55
Montpellier Hérault SC,2012-02-22,52,47,52,34,43
Montpellier Hérault SC,2013-09-20,52,47,52,34,43
Montpellier Hérault SC,2014-09-19,52,47,52,53,56
Montpellier Hérault SC,2015-09-10,54,65,45,53,56
US Boulogne Cote D'Opale,2010-02-22,45,30,60,70,60
US Boulogne Cote D'Opale,2011-02-22,50,35,65,35,55
US Boulogne Cote D'Opale,2012-02-22,49,37,50,45,44
AC Arles-Avignon,2010-02-22,50,65,30,30,50
AC Arles-Avignon,2011-02-22,50,65,35,25,45
AC Arles-Avignon,2012-02-22,23,33,43,44,32
AC Arles-Avignon,2013-09-20,41,48,43,39,43
AC Arles-Avignon,2014-09-19,39,54,43,44,53
AC Arles-Avignon,2015-09-10,56,54,43,48,53
Stade Brestois 29,2010-02-22,50,40,60,70,70
Stade Brestois 29,2011-02-22,65,35,50,55,45
Stade Brestois 29,2012-02-22,64,62,66,44,34
Stade Brestois 29,2013-09-20,59,54,66,44,34
Stade Brestois 29,2014-09-19,59,54,66,44,34
Stade Brestois 29,2015-09-10,59,54,66,44,34
AC Ajaccio,2010-02-22,60,40,55,30,70
AC Ajaccio,2011-02-22,65,45,50,45,45
AC Ajaccio,2012-02-22,59,52,52,38,47
AC Ajaccio,2013-09-20,59,52,52,38,47
AC Ajaccio,2014-09-19,59,52,52,38,47
AC Ajaccio,2015-09-10,59,52,52,38,47
Évian Thonon Gaillard FC,2011-02-22,35,65,65,45,55
Évian Thonon Gaillard FC,2012-02-22,53,44,64,47,56
Évian Thonon Gaillard FC,2013-09-20,53,44,64,47,56
Évian Thonon Gaillard FC,2014-09-19,61,44,48,47,56
Évian Thonon Gaillard FC,2015-09-10,58,56,51,47,43
Dijon FCO,2010-02-22,55,40,55,30,60
Dijon FCO,2011-02-22,65,50,50,35,45
Dijon FCO,2012-02-22,51,49,52,45,46
Dijon FCO,2013-09-20,51,49,52,45,46
Dijon FCO,2014-09-19,51,49,52,45,46
Dijon FCO,2015-09-10,51,49,52,45,46
Stade de Reims,2011-02-22,35,50,50,45,45
Stade de Reims,2012-02-22,61,48,50,33,44
Stade de Reims,2013-09-20,61,48,50,33,44
Stade de Reims,2014-09-19,48,48,50,33,44
Stade de Reims,2015-09-10,48,49,58,33,44
SC Bastia,2010-02-22,40,45,55,70,70
SC Bastia,2012-02-22,50,50,49,44,45
SC Bastia,2013-09-20,50,50,49,44,45
SC Bastia,2014-09-19,67,43,49,39,47
SC Bastia,2015-09-10,61,52,49,44,55
ES Troyes AC,2011-02-22,35,50,35,45,45
ES Troyes AC,2012-02-22,49,51,49,43,42
ES Troyes AC,2013-09-20,49,51,49,43,42
ES Troyes AC,2014-09-19,49,51,46,43,42
ES Troyes AC,2015-09-10,49,51,46,43,42
En Avant de Guingamp,2010-02-22,35,30,70,30,65
En Avant de Guingamp,2012-02-22,52,48,48,33,43
En Avant de Guingamp,2013-09-20,52,48,59,46,43
En Avant de Guingamp,2014-09-19,63,48,48,43,47
En Avant de Guingamp,2015-09-10,63,58,36,49,47
FC Metz,2010-02-22,50,30,65,30,50
FC Metz,2011-02-22,65,65,50,35,35
FC Metz,2012-02-22,50,49,53,46,47
FC Metz,2014-09-19,55,49,53,46,54
FC Metz,2015-09-10,55,49,53,39,46
Angers SCO,2010-02-22,45,35,60,30,55
Angers SCO,2011-02-22,65,50,65,45,45
Angers SCO,2012-02-22,50,50,48,44,44
Angers SCO,2013-09-20,50,50,48,44,44
Angers SCO,2014-09-19,48,50,48,44,44
Angers SCO,2015-09-10,48,50,48,44,44
GFC Ajaccio,2013-09-20,61,52,58,47,46
GFC Ajaccio,2015-09-10,48,52,55,42,46
FC Bayern Munich,2010-02-22,65,40,70,70,40
FC Bayern Munich,2011-02-22,42,40,72,39,52
FC Bayern Munich,2012-02-22,47,40,55,49,35
FC Bayern Munich,2013-09-20,56,41,39,52,54
FC Bayern Munich,2014-09-19,37,22,40,61,59
FC Bayern Munich,2015-09-10,45,28,22,72,53
Hamburger SV,2010-02-22,70,60,70,70,45
Hamburger SV,2011-02-22,52,29,54,60,55
Hamburger SV,2012-02-22,46,40,39,55,47
Hamburger SV,2013-09-20,34,38,48,45,35
Hamburger SV,2014-09-19,45,58,62,45,32
Hamburger SV,2015-09-10,42,52,47,44,41
Bayer 04 Leverkusen,2010-02-22,70,30,70,70,60
Bayer 04 Leverkusen,2011-02-22,67,38,55,57,39
Bayer 04 Leverkusen,2012-02-22,58,55,56,50,42
Bayer 04 Leverkusen,2013-09-20,64,55,37,58,38
Bayer 04 Leverkusen,2014-09-19,69,55,39,50,46
Bayer 04 Leverkusen,2015-09-10,73,55,61,61,72
Borussia Dortmund,2010-02-22,70,45,66,54,70
Borussia Dortmund,2011-02-22,73,43,64,59,67
Borussia Dortmund,2012-02-22,71,45,70,58,69
Borussia Dortmund,2013-09-20,74,45,76,60,70
Borussia Dortmund,2014-09-19,76,61,73,60,68
Borussia Dortmund,2015-09-10,71,40,49,65,71
FC Schalke 04,2010-02-22,65,55,70,70,45
FC Schalke 04,2011-02-22,63,57,62,37,67
FC Schalke 04,2012-02-22,50,36,56,43,44
FC Schalke 04,2013-09-20,60,47,52,45,58
FC Schalke 04,2014-09-19,39,45,41,51,51
FC Schalke 04,2015-09-10,58,42,37,55,59
Hannover 96,2010-02-22,55,70,65,70,70
Hannover 96,2011-02-22,55,56,53,39,37
Hannover 96,2012-02-22,65,58,64,39,45
Hannover 96,2013-09-20,78,58,41,39,48
Hannover 96,2014-09-19,48,38,40,37,48
Hannover 96,2015-09-10,48,41,40,35,50
VfL Wolfsburg,2010-02-22,65,45,70,45,60
VfL Wolfsburg,2011-02-22,65,45,51,58,47
VfL Wolfsburg,2012-02-22,54,59,48,38,40
VfL Wolfsburg,2013-09-20,58,57,70,64,42
VfL Wolfsburg,2014-09-19,58,45,54,59,48
VfL Wolfsburg,2015-09-10,68,57,50,66,46
1. FC Köln,2010-02-22,55,65,60,45,55
1. FC Köln,2011-02-22,58,71,50,40,40
1. FC Köln,2012-02-22,53,53,57,43,55
1. FC Köln,2013-09-20,60,56,57,43,55
1. FC Köln,2014-09-19,59,57,59,57,46
1. FC Köln,2015-09-10,59,65,71,42,56
Eintracht Frankfurt,2010-02-22,60,35,60,65,30
Eintracht Frankfurt,2011-02-22,52,43,41,48,50
Eintracht Frankfurt,2012-02-22,38,34,48,46,45
Eintracht Frankfurt,2013-09-20,41,34,48,46,45
Eintracht Frankfurt,2014-09-19,63,42,52,43,46
Eintracht Frankfurt,2015-09-10,51,38,40,48,42
Hertha BSC Berlin,2010-02-22,60,50,55,55,30
Hertha BSC Berlin,2011-02-22,59,43,66,50,43
Hertha BSC Berlin,2012-02-22,48,45,46,50,50
Hertha BSC Berlin,2013-09-20,40,55,63,50,38
Hertha BSC Berlin,2014-09-19,68,55,59,41,60
Hertha BSC Berlin,2015-09-10,47,55,45,50,45
DSC Arminia Bielefeld,2010-02-22,40,65,50,45,40
DSC Arminia Bielefeld,2011-02-22,46,58,42,38,48
DSC Arminia Bielefeld,2014-09-19,62,55,52,36,54
SV Werder Bremen,2010-02-22,70,40,70,70,65
SV Werder Bremen,2011-02-22,64,40,64,64,48
SV Werder Bremen,2012-02-22,54,40,48,49,50
SV Werder Bremen,2013-09-20,68,33,78,60,50
SV Werder Bremen,2014-09-19,40,47,51,40,50
SV Werder Bremen,2015-09-10,56,63,58,63,47
FC Energie Cottbus,2010-02-22,45,55,45,68,70
FC Energie Cottbus,2011-02-22,64,55,52,58,48
FC Energie Cottbus,2012-02-22,50,48,53,57,47
FC Energie Cottbus,2013-09-20,50,48,53,57,47
FC Energie Cottbus,2014-09-19,39,40,56,47,55
TSG 1899 Hoffenheim,2010-02-22,70,30,55,65,70
TSG 1899 Hoffenheim,2011-02-22,75,35,68,68,50
TSG 1899 Hoffenheim,2012-02-22,61,53,54,47,59
TSG 1899 Hoffenheim,2013-09-20,32,53,64,47,52
TSG 1899 Hoffenheim,2014-09-19,68,63,55,56,57
TSG 1899 Hoffenheim,2015-09-10,69,53,59,63,61
Borussia Mönchengladbach,2010-02-22,65,45,65,55,40
Borussia Mönchengladbach,2011-02-22,63,46,61,49,58
Borussia Mönchengladbach,2012-02-22,57,64,55,33,43
Borussia Mönchengladbach,2013-09-20,76,40,30,33,53
Borussia Mönchengladbach,2014-09-19,31,32,49,43,50
Borussia Mönchengladbach,2015-09-10,31,32,49,41,48
VfB Stuttgart,2010-02-22,70,30,70,65,50
VfB Stuttgart,2011-02-22,64,48,56,45,56
VfB Stuttgart,2012-02-22,50,42,48,47,44
VfB Stuttgart,2013-09-20,59,41,65,47,52
VfB Stuttgart,2014-09-19,54,53,48,46,54
VfB Stuttgart,2015-09-10,59,41,48,41,44
Karlsruher SC,2010-02-22,70,35,70,65,40
Karlsruher SC,2011-02-22,53,55,56,52,46
Karlsruher SC,2012-02-22,54,47,49,34,46
Karlsruher SC,2014-09-19,56,53,49,32,46
Karlsruher SC,2015-09-10,54,47,49,34,46
VfL Bochum,2010-02-22,50,65,50,40,60
VfL Bochum,2011-02-22,55,56,52,48,60
VfL Bochum,2012-02-22,40,48,37,34,53
VfL Bochum,2013-09-20,40,48,37,40,53
VfL Bochum,2014-09-19,38,48,36,34,53
VfL Bochum,2015-09-10,69,57,66,58,47
SC Freiburg,2010-02-22,50,30,60,55,50
SC Freiburg,2011-02-22,50,47,34,41,42
SC Freiburg,2012-02-22,52,61,42,30,50
SC Freiburg,2013-09-20,59,38,43,53,62
SC Freiburg,2014-09-19,39,48,44,59,60
SC Freiburg,2015-09-10,59,38,45,53,62
1. FC Nürnberg,2010-02-22,45,50,70,55,55
1. FC Nürnberg,2011-02-22,45,50,56,55,61
1. FC Nürnberg,2012-02-22,44,49,48,30,40
1. FC Nürnberg,2013-09-20,46,49,67,39,57
1. FC Nürnberg,2014-09-19,46,38,55,51,50
1. FC Nürnberg,2015-09-10,46,49,59,30,40
1. FSV Mainz 05,2010-02-22,45,40,70,50,70
1. FSV Mainz 05,2011-02-22,65,50,53,57,53
1. FSV Mainz 05,2012-02-22,68,57,60,52,65
1. FSV Mainz 05,2013-09-20,66,52,56,48,65
1. FSV Mainz 05,2014-09-19,67,57,44,53,60
1. FSV Mainz 05,2015-09-10,60,53,44,55,62
1. FC Kaiserslautern,2010-02-22,45,55,70,70,70
1. FC Kaiserslautern,2011-02-22,48,42,53,38,48
1. FC Kaiserslautern,2012-02-22,38,54,64,37,51
1. FC Kaiserslautern,2013-09-20,61,54,56,48,50
1. FC Kaiserslautern,2014-09-19,66,53,51,47,47
1. FC Kaiserslautern,2015-09-10,49,52,64,41,51
FC St. Pauli,2010-02-22,60,60,70,60,70
FC St. Pauli,2011-02-22,60,42,56,49,60
FC St. Pauli,2012-02-22,53,64,53,49,44
FC St. Pauli,2013-09-20,53,56,53,49,44
FC St. Pauli,2014-09-19,53,56,34,46,44
FC St. Pauli,2015-09-10,52,56,38,39,44
FC Augsburg,2010-02-22,45,45,70,45,55
FC Augsburg,2011-02-22,68,40,72,59,49
FC Augsburg,2012-02-22,55,55,55,47,58
FC Augsburg,2013-09-20,40,55,53,33,43
FC Augsburg,2014-09-19,62,69,56,47,55
FC Augsburg,2015-09-10,59,55,55,34,50
Fortuna Düsseldorf,2010-02-22,65,35,52,45,70
Fortuna Düsseldorf,2011-02-22,51,38,54,46,59
Fortuna Düsseldorf,2012-02-22,67,47,55,56,57
Fortuna Düsseldorf,2013-09-20,41,69,52,24,48
Fortuna Düsseldorf,2014-09-19,72,57,37,47,48
Fortuna Düsseldorf,2015-09-10,47,47,55,56,57
SpVgg Greuther Fürth,2010-02-22,55,45,70,40,55
SpVgg Greuther Fürth,2011-02-22,59,40,48,59,46
SpVgg Greuther Fürth,2012-02-22,68,45,43,48,56
SpVgg Greuther Fürth,2013-09-20,57,53,46,36,56
SpVgg Greuther Fürth,2014-09-19,66,38,52,49,48
SpVgg Greuther Fürth,2015-09-10,54,53,46,48,56
Eintracht Braunschweig,2012-02-22,64,54,62,54,42
Eintracht Braunschweig,2013-09-20,68,54,67,57,47
Eintracht Braunschweig,2014-09-19,61,62,55,30,40
Eintracht Braunschweig,2015-09-10,66,54,51,57,47
SC Paderborn 07,2010-02-22,70,49,55,30,48
SC Paderborn 07,2011-02-22,52,48,55,36,48
SC Paderborn 07,2012-02-22,67,59,68,33,52
SC Paderborn 07,2013-09-20,67,59,68,40,52
SC Paderborn 07,2014-09-19,73,55,63,33,55
SC Paderborn 07,2015-09-10,67,62,56,25,29
FC Ingolstadt 04,2011-02-22,47,54,46,37,50
FC Ingolstadt 04,2012-02-22,55,46,51,33,42
FC Ingolstadt 04,2013-09-20,55,46,51,33,42
FC Ingolstadt 04,2014-09-19,54,47,52,42,36
FC Ingolstadt 04,2015-09-10,55,46,51,37,48
SV Darmstadt 98,2015-09-10,59,77,45,32,56
Atalanta,2010-02-22,35,40,55,30,30
Atalanta,2011-02-22,65,50,55,45,55
Atalanta,2012-02-22,40,50,50,55,42
Atalanta,2013-09-20,64,36,51,54,53
Atalanta,2014-09-19,64,37,51,36,66
Atalanta,2015-09-10,64,37,51,36,63
Siena,2010-02-22,35,30,55,40,65
Siena,2011-02-22,50,50,55,40,45
Siena,2012-02-22,45,50,50,45,45
Siena,2013-09-20,47,48,52,37,49
Siena,2014-09-19,47,48,52,44,49
Cagliari,2010-02-22,40,30,55,40,55
Cagliari,2011-02-22,65,50,50,45,45
Cagliari,2012-02-22,40,50,50,45,45
Cagliari,2013-09-20,63,36,51,46,56
Cagliari,2014-09-19,63,53,68,37,56
Cagliari,2015-09-10,67,35,69,65,65
Lazio,2010-02-22,60,50,70,55,50
Lazio,2011-02-22,60,35,51,45,50
Lazio,2012-02-22,45,50,50,35,45
Lazio,2013-09-20,51,54,69,59,53
Lazio,2014-09-19,49,54,69,59,53
Lazio,2015-09-10,68,55,72,59,66
Catania,2010-02-22,35,30,60,35,55
Catania,2011-02-22,65,35,63,35,55
Catania,2012-02-22,40,50,50,25,50
Catania,2013-09-20,67,37,52,37,57
Catania,2014-09-19,75,48,36,28,67
Catania,2015-09-10,70,48,36,31,64
Genoa,2010-02-22,70,50,65,40,65
Genoa,2011-02-22,65,35,50,54,65
Genoa,2012-02-22,50,50,50,45,45
Genoa,2013-09-20,64,38,49,46,47
Genoa,2014-09-19,64,68,49,23,47
Genoa,2015-09-10,64,68,23,27,47
Chievo Verona,2010-02-22,45,30,65,30,70
Chievo Verona,2011-02-22,45,50,35,36,70
Chievo Verona,2012-02-22,60,65,65,25,45
Chievo Verona,2013-09-20,66,67,66,26,59
Chievo Verona,2014-09-19,66,67,52,46,59
Chievo Verona,2015-09-10,66,67,52,46,59
Reggio Calabria,2010-02-22,55,30,70,40,50
Reggio Calabria,2011-02-22,55,30,49,40,50
Reggio Calabria,2012-02-22,50,50,50,35,45
Reggio Calabria,2013-09-20,52,56,55,38,48
Reggio Calabria,2014-09-19,52,56,53,38,48
Fiorentina,2010-02-22,67,30,60,45,30
Fiorentina,2011-02-22,49,50,60,45,45
Fiorentina,2012-02-22,45,50,50,45,45
Fiorentina,2013-09-20,53,51,53,47,47
Fiorentina,2014-09-19,34,33,53,58,59
Fiorentina,2015-09-10,34,33,53,58,59
Juventus,2010-02-22,45,35,70,50,35
Juventus,2011-02-22,65,50,50,55,55
Juventus,2012-02-22,50,35,50,35,55
Juventus,2013-09-20,39,33,72,66,67
Juventus,2014-09-19,26,24,72,23,67
Juventus,2015-09-10,50,20,80,35,65
Milan,2010-02-22,45,30,70,30,35
Milan,2011-02-22,65,50,50,50,50
Milan,2012-02-22,45,50,50,45,45
Milan,2013-09-20,48,54,64,48,49
Milan,2014-09-19,48,52,75,58,57
Milan,2015-09-10,48,52,69,58,57
Bologna,2010-02-22,65,55,65,55,30
Bologna,2011-02-22,65,35,50,30,50
Bologna,2012-02-22,40,50,50,35,45
Bologna,2013-09-20,63,48,63,43,43
Bologna,2014-09-19,63,48,52,28,54
Bologna,2015-09-10,63,48,52,30,54
Roma,2010-02-22,70,30,70,55,30
Roma,2011-02-22,64,30,65,46,47
Roma,2012-02-22,60,40,50,35,45
Roma,2013-09-20,53,55,56,49,47
Roma,2014-09-19,67,38,56,36,57
Roma,2015-09-10,68,47,66,36,57
Napoli,2010-02-22,70,30,70,50,70
Napoli,2011-02-22,50,35,50,50,70
Napoli,2012-02-22,60,50,50,45,55
Napoli,2013-09-20,68,52,53,44,57
Napoli,2014-09-19,72,34,73,61,59
Napoli,2015-09-10,53,37,67,47,57
Sampdoria,2010-02-22,60,30,65,50,30
Sampdoria,2011-02-22,50,65,50,35,45
Sampdoria,2012-02-22,35,35,35,45,45
Sampdoria,2013-09-20,36,38,33,50,51
Sampdoria,2014-09-19,36,38,62,54,57
Sampdoria,2015-09-10,36,38,29,50,51
Inter,2010-02-22,55,55,70,50,60
Inter,2011-02-22,55,50,65,50,60
Inter,2012-02-22,45,50,65,35,55
Inter,2013-09-20,67,67,66,36,57
Inter,2014-09-19,67,67,66,23,57
Inter,2015-09-10,58,54,53,47,49
Torino,2010-02-22,45,35,70,45,35
Torino,2011-02-22,45,35,35,45,45
Torino,2012-02-22,50,50,50,35,45
Torino,2013-09-20,71,36,53,39,46
Torino,2014-09-19,76,64,53,39,34
Torino,2015-09-10,69,36,53,39,46
Lecce,2010-02-22,40,30,70,30,70
Lecce,2011-02-22,50,50,52,30,55
Lecce,2012-02-22,45,50,35,35,55
Udinese,2010-02-22,64,35,70,35,30
Udinese,2011-02-22,70,49,50,44,45
Udinese,2012-02-22,75,45,50,45,55
Udinese,2013-09-20,78,63,52,40,63
Udinese,2014-09-19,71,63,52,40,46
Udinese,2015-09-10,68,63,52,40,57
Palermo,2010-02-22,63,50,70,45,40
Palermo,2011-02-22,65,35,50,35,45
Palermo,2012-02-22,60,40,65,45,45
Palermo,2013-09-20,66,37,63,43,42
Palermo,2014-09-19,66,37,63,43,42
Palermo,2015-09-10,66,36,64,44,58
Bari,2010-02-22,30,30,65,40,30
Bari,2011-02-22,65,35,65,55,45
Bari,2012-02-22,50,50,50,45,45
Bari,2013-09-20,55,57,60,49,51
Bari,2014-09-19,55,57,56,49,51
Bari,2015-09-10,52,65,48,50,51
Livorno,2010-02-22,30,30,55,30,30
Livorno,2011-02-22,65,50,65,45,60
Livorno,2012-02-22,50,50,50,35,45
Livorno,2013-09-20,58,55,63,58,49
Livorno,2014-09-19,58,67,77,29,57
Livorno,2015-09-10,58,67,69,31,57
Parma,2010-02-22,30,30,70,45,30
Parma,2011-02-22,50,30,65,45,47
Parma,2012-02-22,45,35,50,45,45
Parma,2013-09-20,48,33,45,39,43
Parma,2014-09-19,48,33,45,54,66
Parma,2015-09-10,48,33,45,43,43
Cesena,2010-02-22,30,30,65,50,30
Cesena,2011-02-22,50,50,50,35,55
Cesena,2012-02-22,60,40,65,35,45
Cesena,2013-09-20,73,44,73,39,49
Cesena,2014-09-19,73,41,73,39,49
Cesena,2015-09-10,66,41,66,39,49
Brescia,2010-02-22,30,30,70,45,30
Brescia,2011-02-22,30,50,65,45,45
Brescia,2012-02-22,35,35,65,35,45
Brescia,2013-09-20,42,43,75,41,52
Brescia,2014-09-19,42,27,75,41,52
Brescia,2015-09-10,42,43,69,41,52
Novara,2011-02-22,53,35,49,60,51
Novara,2012-02-22,55,50,50,35,45
Novara,2013-09-20,66,62,61,36,49
Novara,2014-09-19,66,56,57,36,49
Pescara,2011-02-22,50,60,35,35,60
Pescara,2012-02-22,65,65,65,45,45
Pescara,2013-09-20,55,40,36,44,48
Pescara,2014-09-19,64,36,54,26,46
Pescara,2015-09-10,64,53,41,39,46
Hellas Verona,2012-02-22,50,50,50,45,55
Hellas Verona,2013-09-20,58,63,61,47,59
Hellas Verona,2014-09-19,63,48,55,31,47
Hellas Verona,2015-09-10,57,38,55,47,59
Sassuolo,2010-02-22,30,30,60,30,30
Sassuolo,2011-02-22,50,50,60,45,30
Sassuolo,2012-02-22,50,50,50,35,45
Sassuolo,2013-09-20,57,60,64,38,47
Sassuolo,2014-09-19,57,60,63,54,47
Sassuolo,2015-09-10,57,60,56,38,47
Empoli,2010-02-22,30,30,55,30,30
Empoli,2011-02-22,50,35,55,45,45
Empoli,2012-02-22,50,50,50,35,45
Empoli,2013-09-20,51,54,62,39,50
Empoli,2014-09-19,63,39,51,53,57
Empoli,2015-09-10,66,36,63,46,66
Frosinone,2010-02-22,30,30,65,30,30
Frosinone,2011-02-22,70,48,65,61,67
Frosinone,2015-09-10,63,46,50,55,57
Carpi,2014-09-19,32,31,54,46,44
Carpi,2015-09-10,80,65,50,25,55
Vitesse,2010-02-22,35,35,60,30,30
Vitesse,2011-02-22,33,50,54,55,60
Vitesse,2012-02-22,37,30,56,42,54
Vitesse,2013-09-20,37,39,62,42,45
Vitesse,2014-09-19,53,32,56,42,54
Vitesse,2015-09-10,57,48,71,60,58
FC Groningen,2010-02-22,41,32,69,30,30
FC Groningen,2011-02-22,51,39,62,43,44
FC Groningen,2012-02-22,44,41,42,49,47
FC Groningen,2013-09-20,44,44,42,49,47
FC Groningen,2014-09-19,48,38,45,49,47
FC Groningen,2015-09-10,55,55,54,49,47
Roda JC Kerkrade,2010-02-22,30,35,70,30,30
Roda JC Kerkrade,2011-02-22,65,51,53,48,57
Roda JC Kerkrade,2012-02-22,55,52,54,47,44
Roda JC Kerkrade,2013-09-20,42,44,38,47,44
Roda JC Kerkrade,2014-09-19,43,44,42,39,37
FC Twente,2010-02-22,30,30,65,30,30
FC Twente,2011-02-22,55,55,47,61,59
FC Twente,2012-02-22,25,28,37,62,68
FC Twente,2013-09-20,35,38,41,34,44
FC Twente,2014-09-19,38,34,37,44,41
FC Twente,2015-09-10,48,43,39,44,41
Willem II,2010-02-22,35,30,65,30,30
Willem II,2011-02-22,72,57,49,28,63
Willem II,2013-09-20,48,55,46,43,35
Willem II,2015-09-10,51,63,52,43,45
Ajax,2010-02-22,30,30,70,30,30
Ajax,2011-02-22,40,38,67,65,57
Ajax,2012-02-22,31,33,46,68,65
Ajax,2013-09-20,35,33,46,68,65
Ajax,2014-09-19,40,30,39,64,53
Ajax,2015-09-10,35,39,30,64,53
N.E.C.,2010-02-22,32,30,60,30,30
N.E.C.,2011-02-22,47,46,32,33,54
N.E.C.,2012-02-22,46,38,50,45,48
N.E.C.,2013-09-20,46,41,57,45,48
N.E.C.,2014-09-19,49,59,55,40,48
De Graafschap,2011-02-22,30,40,65,42,45
De Graafschap,2012-02-22,37,41,63,52,43
FC Utrecht,2010-02-22,45,45,67,30,30
FC Utrecht,2011-02-22,66,45,72,34,57
FC Utrecht,2012-02-22,47,52,52,45,49
FC Utrecht,2013-09-20,47,52,60,45,49
FC Utrecht,2014-09-19,50,52,52,45,49
FC Utrecht,2015-09-10,50,54,28,54,58
PSV,2010-02-22,30,30,70,30,30
PSV,2011-02-22,63,30,68,57,37
PSV,2012-02-22,33,42,48,43,30
PSV,2013-09-20,54,45,55,43,50
PSV,2014-09-19,67,40,55,50,62
PSV,2015-09-10,67,43,28,40,40
Heracles Almelo,2010-02-22,30,45,59,30,30
Heracles Almelo,2011-02-22,69,45,45,36,66
Heracles Almelo,2012-02-22,43,27,60,33,43
Heracles Almelo,2013-09-20,39,32,66,47,43
Heracles Almelo,2014-09-19,46,32,59,60,62
Heracles Almelo,2015-09-10,50,61,59,60,62
Feyenoord,2010-02-22,30,30,46,30,30
Feyenoord,2011-02-22,47,53,32,48,59
Feyenoord,2012-02-22,38,34,50,43,43
Feyenoord,2013-09-20,44,44,50,43,43
Feyenoord,2014-09-19,54,60,50,43,43
Feyenoord,2015-09-10,50,48,31,43,46
Sparta Rotterdam,2010-02-22,35,40,65,30,30
ADO Den Haag,2010-02-22,30,35,65,30,30
ADO Den Haag,2011-02-22,53,53,66,46,62
ADO Den Haag,2012-02-22,38,44,44,50,58
ADO Den Haag,2013-09-20,38,47,44,50,58
ADO Den Haag,2014-09-19,58,55,44,57,50
ADO Den Haag,2015-09-10,56,66,38,40,50
SC Heerenveen,2010-02-22,35,30,60,30,30
SC Heerenveen,2011-02-22,49,48,52,58,60
SC Heerenveen,2012-02-22,67,53,39,45,44
SC Heerenveen,2013-09-20,47,37,42,46,44
SC Heerenveen,2014-09-19,53,46,46,46,44
SC Heerenveen,2015-09-10,54,56,44,46,44
AZ,2010-02-22,55,45,60,30,30
AZ,2011-02-22,45,31,66,60,50
AZ,2012-02-22,46,36,52,60,65
AZ,2013-09-20,62,40,52,50,65
AZ,2014-09-19,52,46,52,50,61
AZ,2015-09-10,50,58,50,50,61
NAC Breda,2010-02-22,30,35,60,30,30
NAC Breda,2011-02-22,33,44,60,42,47
NAC Breda,2012-02-22,40,48,42,43,48
NAC Breda,2013-09-20,58,53,46,43,48
NAC Breda,2014-09-19,46,54,42,43,39
NAC Breda,2015-09-10,45,59,54,36,39
RKC Waalwijk,2010-02-22,30,50,55,50,45
RKC Waalwijk,2012-02-22,47,48,55,41,41
RKC Waalwijk,2013-09-20,47,48,55,29,28
RKC Waalwijk,2014-09-19,57,55,55,31,30
VVV-Venlo,2010-02-22,50,50,50,50,50
VVV-Venlo,2011-02-22,50,42,50,38,47
VVV-Venlo,2012-02-22,41,52,47,46,55
VVV-Venlo,2013-09-20,41,52,52,29,42
Excelsior,2011-02-22,73,59,52,25,47
Excelsior,2012-02-22,47,52,37,23,30
Excelsior,2015-09-10,53,69,43,29,41
PEC Zwolle,2013-09-20,47,49,54,46,44
PEC Zwolle,2014-09-19,57,39,54,58,60
PEC Zwolle,2015-09-10,45,56,58,58,60
SC Cambuur,2014-09-19,45,42,57,42,49
SC Cambuur,2015-09-10,43,57,38,42,49
Go Ahead Eagles,2014-09-19,55,42,53,43,47
Go Ahead Eagles,2015-09-10,58,64,52,43,47
FC Dordrecht,2015-09-10,39,62,48,51,58
Wisła Kraków,2010-02-22,40,35,70,70,70
Wisła Kraków,2011-02-22,67,48,67,58,47
Wisła Kraków,2012-02-22,25,25,50,60,58
Wisła Kraków,2013-09-20,30,30,50,60,58
Wisła Kraków,2014-09-19,47,36,66,60,66
Wisła Kraków,2015-09-10,33,37,31,62,58
Polonia Bytom,2010-02-22,30,50,70,60,70
Polonia Bytom,2011-02-22,46,38,53,53,54
Polonia Bytom,2010-02-22,30,50,70,60,70
Polonia Bytom,2011-02-22,46,38,53,53,54
Ruch Chorzów,2010-02-22,30,40,70,65,60
Ruch Chorzów,2011-02-22,48,51,51,46,48
Ruch Chorzów,2012-02-22,53,55,50,43,44
Ruch Chorzów,2013-09-20,53,55,50,43,44
Ruch Chorzów,2014-09-19,53,38,50,43,44
Ruch Chorzów,2015-09-10,47,38,50,43,44
Legia Warszawa,2010-02-22,30,35,70,65,70
Legia Warszawa,2011-02-22,67,35,53,59,48
Legia Warszawa,2012-02-22,69,55,53,59,49
Legia Warszawa,2013-09-20,69,55,53,59,49
Legia Warszawa,2014-09-19,54,36,64,47,46
Legia Warszawa,2015-09-10,54,36,64,50,60
P. Warszawa,2010-02-22,30,40,70,55,65
P. Warszawa,2011-02-22,33,47,53,55,34
P. Warszawa,2012-02-22,34,45,74,31,32
P. Warszawa,2013-09-20,34,45,40,57,32
Śląsk Wrocław,2010-02-22,30,45,70,60,70
Śląsk Wrocław,2011-02-22,47,55,54,48,47
Śląsk Wrocław,2012-02-22,65,63,67,24,24
Śląsk Wrocław,2013-09-20,65,50,67,30,30
Śląsk Wrocław,2014-09-19,47,34,68,37,37
Śląsk Wrocław,2015-09-10,50,35,55,45,55
Lechia Gdańsk,2010-02-22,30,45,70,70,70
Lechia Gdańsk,2011-02-22,63,37,52,46,60
Lechia Gdańsk,2012-02-22,44,52,68,49,48
Lechia Gdańsk,2013-09-20,44,52,68,49,59
Lechia Gdańsk,2014-09-19,62,52,52,37,58
Lechia Gdańsk,2015-09-10,62,52,58,51,58
Widzew Łódź,2011-02-22,63,48,53,37,58
Widzew Łódź,2012-02-22,66,72,54,32,32
Widzew Łódź,2013-09-20,66,59,54,32,43
Widzew Łódź,2014-09-19,66,72,51,36,38
Odra Wodzisław,2010-02-22,30,45,70,70,70
Lech Poznań,2010-02-22,40,35,70,60,55
Lech Poznań,2011-02-22,64,57,70,59,37
Lech Poznań,2012-02-22,67,54,67,47,47
Lech Poznań,2013-09-20,67,54,67,47,47
Lech Poznań,2014-09-19,67,54,67,47,47
Lech Poznań,2015-09-10,57,40,67,50,58
GKS Bełchatów,2010-02-22,30,50,70,65,70
GKS Bełchatów,2011-02-22,47,27,54,48,60
GKS Bełchatów,2012-02-22,52,67,50,47,45
GKS Bełchatów,2013-09-20,52,43,50,47,45
GKS Bełchatów,2015-09-10,52,43,50,47,45
Arka Gdynia,2010-02-22,30,45,70,65,70
Arka Gdynia,2011-02-22,46,37,52,47,48
Jagiellonia Białystok,2010-02-22,30,50,70,70,70
Jagiellonia Białystok,2011-02-22,33,52,64,32,56
Jagiellonia Białystok,2012-02-22,58,69,68,40,50
Jagiellonia Białystok,2013-09-20,58,69,68,40,50
Jagiellonia Białystok,2014-09-19,38,38,66,57,56
Jagiellonia Białystok,2015-09-10,66,38,66,57,56
Piast Gliwice,2010-02-22,30,45,70,65,70
Piast Gliwice,2013-09-20,30,46,39,32,45
Piast Gliwice,2014-09-19,64,67,39,36,45
Piast Gliwice,2015-09-10,64,67,39,36,45
Cracovia,2010-02-22,30,45,65,70,70
Cracovia,2011-02-22,46,51,52,48,33
Cracovia,2012-02-22,57,59,78,59,51
Cracovia,2014-09-19,37,38,33,59,34
Cracovia,2015-09-10,37,38,33,59,34
Korona Kielce,2010-02-22,30,45,70,50,70
Korona Kielce,2011-02-22,67,66,69,57,48
Korona Kielce,2012-02-22,75,62,68,58,43
Korona Kielce,2013-09-20,70,50,68,58,43
Korona Kielce,2014-09-19,73,50,36,30,43
Korona Kielce,2015-09-10,59,50,36,30,43
Zagłębie Lubin,2010-02-22,55,60,70,70,70
Zagłębie Lubin,2011-02-22,54,37,37,47,58
Zagłębie Lubin,2012-02-22,33,38,73,58,47
Zagłębie Lubin,2013-09-20,33,38,48,58,47
Zagłębie Lubin,2014-09-19,33,51,48,58,38
Widzew Łódź,2011-02-22,63,48,53,37,58
Widzew Łódź,2012-02-22,66,72,54,32,32
Widzew Łódź,2013-09-20,66,59,54,32,43
Widzew Łódź,2014-09-19,66,72,51,36,38
Podbeskidzie Bielsko-Biała,2012-02-22,54,51,42,47,57
Podbeskidzie Bielsko-Biała,2013-09-20,54,51,42,47,57
Podbeskidzie Bielsko-Biała,2014-09-19,72,66,49,29,35
Podbeskidzie Bielsko-Biała,2015-09-10,68,66,49,29,35
Pogoń Szczecin,2013-09-20,67,54,67,47,47
Pogoń Szczecin,2014-09-19,50,36,52,50,60
Pogoń Szczecin,2015-09-10,50,36,52,57,54
Zawisza Bydgoszcz,2014-09-19,54,40,52,44,47
Zawisza Bydgoszcz,2015-09-10,54,40,52,44,47
Górnik Łęczna,2015-09-10,41,59,54,52,47
FC Porto,2010-02-22,30,30,60,30,30
FC Porto,2011-02-22,50,50,65,55,43
FC Porto,2012-02-22,52,53,68,61,49
FC Porto,2013-09-20,52,53,68,58,60
FC Porto,2014-09-19,52,53,68,58,60
FC Porto,2015-09-10,70,53,68,58,60
CF Os Belenenses,2010-02-22,30,30,60,30,30
CF Os Belenenses,2014-09-19,52,52,48,38,48
CF Os Belenenses,2015-09-10,51,52,48,38,48
Sporting CP,2010-02-22,30,30,55,30,30
Sporting CP,2011-02-22,50,35,35,55,45
Sporting CP,2012-02-22,53,56,69,52,49
Sporting CP,2013-09-20,53,56,60,52,49
Sporting CP,2014-09-19,55,56,55,60,60
Sporting CP,2015-09-10,57,56,55,60,60
Vitória Guimarães,2010-02-22,30,30,55,30,30
Vitória Guimarães,2011-02-22,65,47,49,55,55
Vitória Guimarães,2012-02-22,40,39,58,50,59
Vitória Guimarães,2013-09-20,40,39,58,50,59
Vitória Guimarães,2014-09-19,40,39,58,37,40
Vitória Guimarães,2015-09-10,40,39,58,37,40
Vitória Setúbal,2010-02-22,30,30,55,30,30
Vitória Setúbal,2011-02-22,50,50,50,35,55
Vitória Setúbal,2012-02-22,56,42,52,37,37
Vitória Setúbal,2013-09-20,56,42,52,37,37
Vitória Setúbal,2014-09-19,56,42,52,37,37
Vitória Setúbal,2015-09-10,58,42,52,37,37
FC Paços de Ferreira,2010-02-22,30,30,60,30,30
FC Paços de Ferreira,2011-02-22,50,50,49,45,55
FC Paços de Ferreira,2012-02-22,38,39,52,36,39
FC Paços de Ferreira,2013-09-20,50,39,52,36,39
FC Paços de Ferreira,2014-09-19,38,39,52,36,39
FC Paços de Ferreira,2015-09-10,63,39,52,36,39
SC Braga,2010-02-22,30,30,60,30,30
SC Braga,2011-02-22,30,30,60,40,60
SC Braga,2012-02-22,53,46,52,23,48
SC Braga,2013-09-20,66,54,52,25,56
SC Braga,2014-09-19,53,55,39,25,56
SC Braga,2015-09-10,55,55,39,25,56
Académica de Coimbra,2010-02-22,30,30,55,30,30
Académica de Coimbra,2011-02-22,30,50,55,30,45
Académica de Coimbra,2012-02-22,45,44,60,52,38
Académica de Coimbra,2013-09-20,45,44,60,52,38
Académica de Coimbra,2014-09-19,52,44,60,39,38
Académica de Coimbra,2015-09-10,53,44,60,39,38
Rio Ave FC,2010-02-22,30,30,60,30,30
Rio Ave FC,2011-02-22,50,50,50,45,45
Rio Ave FC,2012-02-22,36,38,54,39,50
Rio Ave FC,2013-09-20,36,38,54,39,50
Rio Ave FC,2014-09-19,66,44,54,39,48
Rio Ave FC,2015-09-10,66,44,54,39,48
SL Benfica,2010-02-22,30,30,65,30,30
SL Benfica,2011-02-22,65,35,51,55,56
SL Benfica,2012-02-22,55,48,54,61,51
SL Benfica,2013-09-20,65,54,54,60,58
SL Benfica,2014-09-19,70,53,54,60,57
SL Benfica,2015-09-10,69,53,54,60,57
Leixões SC,2010-02-22,30,30,65,30,30
CD Nacional,2010-02-22,45,30,50,30,30
CD Nacional,2011-02-22,47,30,50,35,55
CD Nacional,2012-02-22,41,43,53,49,50
CD Nacional,2013-09-20,41,43,53,49,50
CD Nacional,2014-09-19,41,43,53,42,42
CD Nacional,2015-09-10,65,43,53,42,42
Naval 1° de Maio,2010-02-22,30,30,70,30,30
Naval 1° de Maio,2011-02-22,50,65,50,45,41
CS Marítimo,2010-02-22,30,30,65,30,30
CS Marítimo,2011-02-22,30,30,50,49,45
CS Marítimo,2012-02-22,38,44,55,38,49
CS Marítimo,2013-09-20,38,44,55,38,49
CS Marítimo,2014-09-19,67,66,55,37,45
CS Marítimo,2015-09-10,61,66,55,38,49
União de Leiria,2010-02-22,50,50,50,50,50
União de Leiria,2011-02-22,50,50,50,50,50
União de Leiria,2012-02-22,36,36,46,53,45
S.C. Olhanense,2010-02-22,45,55,45,50,45
S.C. Olhanense,2011-02-22,65,55,65,50,45
S.C. Olhanense,2012-02-22,45,40,44,37,24
S.C. Olhanense,2013-09-20,45,52,43,37,31
S.C. Olhanense,2014-09-19,45,40,44,37,24
SC Beira Mar,2011-02-22,48,46,57,47,55
SC Beira Mar,2012-02-22,39,48,59,37,52
SC Beira Mar,2013-09-20,39,48,59,37,52
Gil Vicente FC,2012-02-22,46,41,46,39,57
Gil Vicente FC,2013-09-20,46,41,46,39,57
Gil Vicente FC,2014-09-19,65,41,46,39,40
Gil Vicente FC,2015-09-10,68,41,46,39,40
Moreirense FC,2013-09-20,38,43,39,44,46
Moreirense FC,2015-09-10,38,43,39,44,46
Estoril Praia,2013-09-20,66,52,39,46,49
Estoril Praia,2014-09-19,66,52,39,46,49
Estoril Praia,2015-09-10,59,52,39,46,49
FC Arouca,2014-09-19,69,39,46,35,37
FC Arouca,2015-09-10,65,39,46,37,39
FC Penafiel,2015-09-10,54,39,38,40,35
Boavista FC,2015-09-10,47,50,53,32,62
Falkirk,2010-02-22,70,70,70,60,70
Rangers,2010-02-22,65,50,70,60,70
Rangers,2011-02-22,51,33,79,46,47
Rangers,2012-02-22,45,45,60,48,48
Rangers,2013-09-20,55,45,60,48,48
Rangers,2014-09-19,45,45,60,48,48
Rangers,2015-09-10,45,55,53,48,48
Heart of Midlothian,2010-02-22,70,70,70,60,70
Heart of Midlothian,2011-02-22,66,53,66,56,68
Heart of Midlothian,2012-02-22,55,62,60,50,52
Heart of Midlothian,2013-09-20,52,53,64,52,53
Heart of Midlothian,2014-09-19,55,62,60,49,52
Motherwell,2010-02-22,70,70,65,60,70
Motherwell,2011-02-22,48,49,48,47,46
Motherwell,2012-02-22,70,55,60,38,42
Motherwell,2013-09-20,67,54,58,39,43
Motherwell,2014-09-19,70,55,60,41,43
Motherwell,2015-09-10,64,55,27,37,44
Kilmarnock,2010-02-22,70,70,65,60,70
Kilmarnock,2011-02-22,36,36,51,48,43
Kilmarnock,2012-02-22,56,61,46,43,43
Kilmarnock,2013-09-20,53,54,49,47,49
Kilmarnock,2014-09-19,56,61,46,44,44
Kilmarnock,2015-09-10,50,60,47,46,46
Hibernian,2010-02-22,70,70,70,60,70
Hibernian,2011-02-22,48,51,52,47,47
Hibernian,2012-02-22,55,44,44,42,40
Hibernian,2013-09-20,60,46,44,47,46
Hibernian,2014-09-19,55,44,49,43,41
Aberdeen,2010-02-22,70,70,70,60,70
Aberdeen,2011-02-22,47,52,52,47,47
Aberdeen,2012-02-22,58,62,55,40,40
Aberdeen,2013-09-20,62,45,55,42,42
Aberdeen,2014-09-19,58,62,57,41,42
Aberdeen,2015-09-10,59,53,63,49,45
Inverness Caledonian Thistle,2011-02-22,36,67,51,37,57
Inverness Caledonian Thistle,2012-02-22,61,59,54,40,40
Inverness Caledonian Thistle,2013-09-20,35,54,61,47,46
Inverness Caledonian Thistle,2014-09-19,61,59,55,43,41
Inverness Caledonian Thistle,2015-09-10,48,32,69,44,44
Celtic,2010-02-22,70,70,70,60,70
Celtic,2011-02-22,54,52,51,46,46
Celtic,2012-02-22,70,58,60,50,50
Celtic,2013-09-20,50,53,60,55,51
Celtic,2014-09-19,70,58,62,51,54
Celtic,2015-09-10,54,53,62,58,55
St. Mirren,2010-02-22,70,70,70,60,70
St. Mirren,2011-02-22,48,48,48,43,44
St. Mirren,2012-02-22,60,75,60,50,48
St. Mirren,2013-09-20,42,43,60,53,49
St. Mirren,2014-09-19,58,70,61,50,49
St. Mirren,2015-09-10,38,33,53,60,58
Hamilton Academical FC,2010-02-22,70,70,60,60,65
Hamilton Academical FC,2011-02-22,66,52,34,46,47
Hamilton Academical FC,2015-09-10,48,47,71,55,48
Dundee United,2010-02-22,70,70,70,60,70
Dundee United,2011-02-22,68,53,67,57,57
Dundee United,2012-02-22,60,60,35,40,38
Dundee United,2013-09-20,53,52,42,41,41
Dundee United,2014-09-19,60,60,38,41,40
Dundee United,2015-09-10,60,53,45,48,42
St. Johnstone FC,2010-02-22,70,50,50,30,70
St. Johnstone FC,2011-02-22,67,48,54,33,47
St. Johnstone FC,2012-02-22,57,57,38,42,38
St. Johnstone FC,2013-09-20,60,58,38,44,42
St. Johnstone FC,2014-09-19,56,57,40,40,40
St. Johnstone FC,2015-09-10,62,48,40,37,48
Dunfermline Athletic,2012-02-22,55,60,54,42,43
Dundee FC,2013-09-20,50,49,53,48,47
Dundee FC,2015-09-10,47,48,65,50,44
Ross County FC,2013-09-20,35,62,50,40,56
Ross County FC,2014-09-19,34,34,38,39,51
Ross County FC,2015-09-10,45,60,58,36,53
Partick Thistle F.C.,2014-09-19,48,37,52,47,44
Partick Thistle F.C.,2015-09-10,48,47,60,46,46
Valencia CF,2010-02-22,30,30,70,55,60
Valencia CF,2011-02-22,41,40,64,40,48
Valencia CF,2012-02-22,20,35,55,51,38
Valencia CF,2013-09-20,20,35,55,51,38
Valencia CF,2014-09-19,30,35,55,51,38
Valencia CF,2015-09-10,35,35,58,49,45
RCD Mallorca,2010-02-22,40,40,50,45,40
RCD Mallorca,2011-02-22,53,52,53,47,48
RCD Mallorca,2012-02-22,58,57,53,59,41
RCD Mallorca,2013-09-20,62,57,53,59,41
RCD Mallorca,2014-09-19,62,57,53,59,41
RCD Mallorca,2015-09-10,62,57,53,59,41
CA Osasuna,2010-02-22,35,35,55,30,65
CA Osasuna,2011-02-22,55,54,68,48,61
CA Osasuna,2012-02-22,34,52,54,47,52
CA Osasuna,2013-09-20,38,52,54,47,52
CA Osasuna,2014-09-19,38,52,54,47,52
CA Osasuna,2015-09-10,38,52,54,47,52
Villarreal CF,2010-02-22,64,30,70,65,30
Villarreal CF,2011-02-22,42,41,70,50,48
Villarreal CF,2012-02-22,20,26,58,51,51
Villarreal CF,2013-09-20,24,26,58,51,51
Villarreal CF,2014-09-19,35,35,58,51,51
Villarreal CF,2015-09-10,48,36,55,47,48
RC Deportivo de La Coruña,2010-02-22,30,30,65,35,35
RC Deportivo de La Coruña,2011-02-22,56,42,61,38,44
RC Deportivo de La Coruña,2012-02-22,56,46,68,45,50
RC Deportivo de La Coruña,2013-09-20,56,46,68,45,50
RC Deportivo de La Coruña,2014-09-19,56,46,68,45,50
RC Deportivo de La Coruña,2015-09-10,53,47,55,45,50
Real Madrid CF,2010-02-22,55,30,70,65,40
Real Madrid CF,2011-02-22,54,39,67,68,55
Real Madrid CF,2012-02-22,45,35,73,49,60
Real Madrid CF,2013-09-20,50,41,72,39,49
Real Madrid CF,2014-09-19,50,41,69,39,49
Real Madrid CF,2015-09-10,50,46,63,52,60
CD Numancia,2010-02-22,55,40,55,30,55
CD Numancia,2011-02-22,71,53,53,40,49
CD Numancia,2012-02-22,44,45,57,50,46
CD Numancia,2013-09-20,44,45,57,50,46
CD Numancia,2014-09-19,44,45,57,50,46
CD Numancia,2015-09-10,44,45,57,50,46
FC Barcelona,2010-02-22,42,30,70,70,30
FC Barcelona,2011-02-22,43,34,68,67,43
FC Barcelona,2012-02-22,24,25,54,66,63
FC Barcelona,2013-09-20,35,32,35,61,63
FC Barcelona,2014-09-19,35,32,35,61,63
FC Barcelona,2015-09-10,36,51,56,61,65
Racing Santander,2010-02-22,45,55,65,45,55
Racing Santander,2011-02-22,53,56,39,47,37
Racing Santander,2012-02-22,43,44,50,50,50
Racing Santander,2013-09-20,47,44,50,50,50
Racing Santander,2015-09-10,48,47,53,51,47
Sevilla FC,2010-02-22,30,30,70,60,70
Sevilla FC,2011-02-22,68,58,71,57,58
Sevilla FC,2012-02-22,61,65,38,38,49
Sevilla FC,2013-09-20,65,65,38,38,49
Sevilla FC,2014-09-19,65,65,38,38,49
Sevilla FC,2015-09-10,53,53,60,42,48
Real Sporting de Gijón,2010-02-22,70,55,70,70,70
Real Sporting de Gijón,2011-02-22,68,53,65,58,51
Real Sporting de Gijón,2012-02-22,51,43,44,36,60
Real Sporting de Gijón,2013-09-20,55,43,44,36,60
Real Sporting de Gijón,2014-09-19,55,43,44,36,60
Real Sporting de Gijón,2015-09-10,55,50,38,45,54
Getafe CF,2010-02-22,30,35,70,40,30
Getafe CF,2011-02-22,54,45,57,59,39
Getafe CF,2012-02-22,25,40,52,49,45
Getafe CF,2013-09-20,29,40,52,49,45
Getafe CF,2014-09-19,35,40,52,49,45
Getafe CF,2015-09-10,34,38,49,43,42
Real Betis Balompié,2010-02-22,45,45,55,50,45
Real Betis Balompié,2011-02-22,37,51,72,42,40
Real Betis Balompié,2012-02-22,55,37,53,58,49
Real Betis Balompié,2013-09-20,59,37,53,58,49
Real Betis Balompié,2014-09-19,59,37,53,58,49
Real Betis Balompié,2015-09-10,59,37,53,58,49
RC Recreativo,2010-02-22,50,40,50,35,55
RC Recreativo,2011-02-22,45,58,52,39,39
RC Recreativo,2012-02-22,41,54,23,40,49
RC Recreativo,2013-09-20,41,54,23,40,49
RC Recreativo,2014-09-19,41,54,35,40,49
RC Recreativo,2015-09-10,37,43,37,40,49
RCD Espanyol,2010-02-22,55,40,70,70,50
RCD Espanyol,2011-02-22,68,55,54,51,58
RCD Espanyol,2012-02-22,46,44,40,37,40
RCD Espanyol,2013-09-20,50,44,40,37,40
RCD Espanyol,2014-09-19,50,44,40,37,40
RCD Espanyol,2015-09-10,50,44,40,37,40
Real Valladolid,2010-02-22,55,40,60,30,65
Real Valladolid,2011-02-22,54,55,62,43,52
Real Valladolid,2012-02-22,55,54,41,51,50
Real Valladolid,2013-09-20,55,54,41,51,50
Real Valladolid,2014-09-19,55,54,41,51,50
Real Valladolid,2015-09-10,43,65,57,47,40
Athletic Club de Bilbao,2010-02-22,60,45,55,30,70
Athletic Club de Bilbao,2011-02-22,70,69,57,48,67
Athletic Club de Bilbao,2012-02-22,42,59,59,37,60
Athletic Club de Bilbao,2013-09-20,46,38,37,37,60
Athletic Club de Bilbao,2014-09-19,46,38,37,37,60
Athletic Club de Bilbao,2015-09-10,46,39,36,49,57
UD Almería,2010-02-22,65,45,70,70,65
UD Almería,2011-02-22,55,53,69,58,68
UD Almería,2012-02-22,42,70,40,37,53
UD Almería,2013-09-20,46,65,40,37,53
UD Almería,2014-09-19,46,65,40,37,53
UD Almería,2015-09-10,46,65,40,37,53
Atlético Madrid,2010-02-22,64,30,70,70,34
Atlético Madrid,2011-02-22,57,54,79,58,48
Atlético Madrid,2012-02-22,47,51,54,52,37
Atlético Madrid,2013-09-20,47,51,54,52,37
Atlético Madrid,2014-09-19,47,51,54,52,37
Atlético Madrid,2015-09-10,57,50,49,49,42
Málaga CF,2010-02-22,60,55,70,45,65
Málaga CF,2011-02-22,58,54,61,45,47
Málaga CF,2012-02-22,41,36,50,64,58
Málaga CF,2013-09-20,45,36,50,64,58
Málaga CF,2014-09-19,45,36,50,64,58
Málaga CF,2015-09-10,42,36,50,47,37
Xerez Club Deportivo,2010-02-22,30,30,70,45,50
Xerez Club Deportivo,2011-02-22,40,58,49,46,52
Xerez Club Deportivo,2012-02-22,60,44,41,49,54
Xerez Club Deportivo,2013-09-20,60,44,41,49,54
Real Zaragoza,2010-02-22,30,30,70,40,30
Real Zaragoza,2011-02-22,43,40,42,38,40
Real Zaragoza,2012-02-22,34,23,57,51,46
Real Zaragoza,2013-09-20,38,23,57,51,46
Real Zaragoza,2014-09-19,38,35,57,51,46
Real Zaragoza,2015-09-10,52,50,57,48,43
CD Tenerife,2010-02-22,30,30,65,50,30
CD Tenerife,2011-02-22,56,51,60,57,50
CD Tenerife,2014-09-19,56,57,54,52,50
CD Tenerife,2015-09-10,56,57,54,52,50
Hércules Club de Fútbol,2010-02-22,40,30,70,35,35
Hércules Club de Fútbol,2011-02-22,54,55,59,48,58
Hércules Club de Fútbol,2012-02-22,53,54,60,50,52
Hércules Club de Fútbol,2013-09-20,53,54,60,50,52
Hércules Club de Fútbol,2014-09-19,53,54,60,50,52
Levante UD,2010-02-22,30,30,70,30,35
Levante UD,2011-02-22,68,56,58,37,47
Levante UD,2012-02-22,53,63,52,47,52
Levante UD,2013-09-20,57,63,52,47,52
Levante UD,2014-09-19,57,63,52,47,52
Levante UD,2015-09-10,62,65,65,36,33
Real Sociedad,2010-02-22,40,30,70,45,30
Real Sociedad,2011-02-22,54,43,60,49,49
Real Sociedad,2012-02-22,24,36,59,48,53
Real Sociedad,2013-09-20,28,36,59,48,53
Real Sociedad,2014-09-19,35,36,59,48,53
Real Sociedad,2015-09-10,60,50,52,49,53
Granada CF,2011-02-22,53,52,55,54,49
Granada CF,2012-02-22,48,37,52,49,45
Granada CF,2013-09-20,52,37,52,49,45
Granada CF,2014-09-19,52,37,52,49,45
Granada CF,2015-09-10,57,59,51,48,45
Rayo Vallecano,2010-02-22,40,30,70,30,50
Rayo Vallecano,2011-02-22,53,55,61,58,52
Rayo Vallecano,2012-02-22,41,44,47,63,51
Rayo Vallecano,2013-09-20,45,44,47,63,51
Rayo Vallecano,2014-09-19,45,44,47,63,51
Rayo Vallecano,2015-09-10,29,44,47,54,52
RC Celta de Vigo,2010-02-22,35,30,70,35,30
RC Celta de Vigo,2011-02-22,43,44,60,40,41
RC Celta de Vigo,2012-02-22,53,62,52,42,52
RC Celta de Vigo,2013-09-20,53,62,52,42,52
RC Celta de Vigo,2014-09-19,53,62,52,42,52
RC Celta de Vigo,2015-09-10,55,38,50,55,55
Elche CF,2010-02-22,30,30,70,50,45
Elche CF,2011-02-22,43,39,46,40,39
Elche CF,2012-02-22,55,73,57,49,51
Elche CF,2013-09-20,55,73,57,49,51
Elche CF,2014-09-19,55,69,57,49,51
Elche CF,2015-09-10,51,48,57,49,51
SD Eibar,2014-09-19,62,52,64,37,56
SD Eibar,2015-09-10,62,52,52,37,56
Córdoba CF,2010-02-22,30,30,60,35,30
Córdoba CF,2011-02-22,39,41,46,40,38
Córdoba CF,2012-02-22,40,53,48,36,41
Córdoba CF,2013-09-20,40,53,48,36,41
Córdoba CF,2014-09-19,40,53,48,36,41
Córdoba CF,2015-09-10,53,48,57,38,39
UD Las Palmas,2010-02-22,30,30,70,35,45
UD Las Palmas,2011-02-22,54,56,59,48,56
UD Las Palmas,2012-02-22,48,44,53,53,39
UD Las Palmas,2013-09-20,48,44,53,53,39
UD Las Palmas,2014-09-19,48,44,53,53,39
UD Las Palmas,2015-09-10,48,44,53,53,39
Grasshopper Club Zürich,2010-02-22,30,50,55,40,60
Grasshopper Club Zürich,2011-02-22,67,53,63,43,48
Grasshopper Club Zürich,2012-02-22,50,54,46,36,43
Grasshopper Club Zürich,2013-09-20,50,54,46,36,43
Grasshopper Club Zürich,2014-09-19,50,54,46,36,43
Grasshopper Club Zürich,2015-09-10,50,54,46,36,43
AC Bellinzona,2010-02-22,40,50,55,45,50
AC Bellinzona,2011-02-22,47,54,55,32,50
BSC Young Boys,2010-02-22,55,55,60,55,55
BSC Young Boys,2011-02-22,60,57,68,48,49
BSC Young Boys,2012-02-22,52,69,46,44,34
BSC Young Boys,2013-09-20,52,69,46,44,34
BSC Young Boys,2014-09-19,52,64,46,44,34
BSC Young Boys,2015-09-10,52,64,46,44,34
FC Basel,2010-02-22,40,45,50,60,60
FC Basel,2011-02-22,46,40,49,38,53
FC Basel,2012-02-22,61,46,54,47,58
FC Basel,2013-09-20,61,46,54,47,58
FC Basel,2014-09-19,61,46,54,47,58
FC Basel,2015-09-10,61,46,54,47,58
FC Aarau,2010-02-22,60,50,55,50,55
FC Aarau,2014-09-19,52,56,64,47,44
FC Aarau,2015-09-10,47,54,64,47,44
FC Sion,2010-02-22,35,60,60,35,40
FC Sion,2011-02-22,47,56,54,41,43
FC Sion,2012-02-22,61,37,53,45,43
FC Sion,2013-09-20,61,37,53,45,43
FC Sion,2014-09-19,61,37,53,45,47
FC Sion,2015-09-10,61,37,53,45,47
FC Luzern,2010-02-22,45,60,60,40,45
FC Luzern,2011-02-22,48,57,64,56,45
FC Luzern,2012-02-22,46,48,55,48,47
FC Luzern,2013-09-20,46,48,55,48,47
FC Luzern,2014-09-19,63,51,66,48,53
FC Luzern,2015-09-10,63,51,66,48,53
FC Vaduz,2015-09-10,53,56,46,42,33
Neuchâtel Xamax,2010-02-22,60,45,60,50,45
Neuchâtel Xamax,2011-02-22,54,47,53,49,45
Neuchâtel Xamax,2012-02-22,49,50,34,34,31
FC Zürich,2010-02-22,45,60,50,50,55
FC Zürich,2011-02-22,48,56,55,54,49
FC Zürich,2012-02-22,62,46,54,47,43
FC Zürich,2013-09-20,62,46,54,47,43
FC Zürich,2014-09-19,62,46,54,47,43
FC Zürich,2015-09-10,62,46,54,47,43
FC St. Gallen,2010-02-22,35,60,55,50,55
FC St. Gallen,2011-02-22,47,55,56,49,55
FC St. Gallen,2013-09-20,52,48,37,40,41
FC St. Gallen,2014-09-19,52,48,37,40,41
FC St. Gallen,2015-09-10,52,48,37,40,36
FC Thun,2011-02-22,51,39,31,37,34
FC Thun,2012-02-22,58,35,66,47,45
FC Thun,2013-09-20,58,35,66,47,45
FC Thun,2014-09-19,58,35,66,47,45
FC Thun,2015-09-10,58,35,66,47,45
Servette FC,2010-02-22,30,55,60,55,60
Servette FC,2012-02-22,48,51,45,49,45
Servette FC,2013-09-20,48,51,45,49,45
FC Lausanne-Sports,2010-02-22,30,60,60,55,60
FC Lausanne-Sports,2012-02-22,37,49,48,43,43
FC Lausanne-Sports,2013-09-20,51,49,48,43,43
FC Lausanne-Sports,2014-09-19,37,49,52,46,44
